Titulo,Resumo,Link Original,Fonte,Data Publicacao,Data Extracao,Sentimento
Semler Scientific boosts Bitcoin reserve with $20M BTC top-up,"ğŸ¤¯ A Semler Scientific, empresa de tecnologia mÃ©dica, acaba de aumentar sua aposta em Bitcoin! Eles investiram mais $20 milhÃµes, elevando suas holdings para 4.449 BTC (algo em torno de $472,9 milhÃµes). 

Ã‰ um investimento e tanto, mas as aÃ§Ãµes da empresa estÃ£o em baixa em 2025. Apesar disso, houve um leve aumento apÃ³s o anÃºncio da estratÃ©gia Bitcoin. 

Essa situaÃ§Ã£o mostra como o mercado estÃ¡ um pouco instÃ¡vel para empresas que tÃªm Bitcoin em suas reservas. 

#Bitcoin #Criptomoedas #SemlerScientific #Investimento",https://cointelegraph.com/news/semler-scientific-acquires-20m-more-bitcoin-fortifying-reserve,COINTELEGRAPH,2025-06-04T20:10:00.000Z,2025-06-04 19:17:48 UTC,6
MoonPay to operate in all 50 US states after NY BitLicense approval,"ğŸ‰ Boas notÃ­cias para quem tÃ¡ no mundo cripto! ğŸš€

A MoonPay, uma empresa superimportante que facilita pagamentos com criptomoedas, acaba de receber uma licenÃ§a para operar em todos os 50 estados dos EUA! 

Essa licenÃ§a, chamada BitLicense, Ã© um grande passo, jÃ¡ que a MoonPay agora estÃ¡ entre as poucas empresas a ter essa permissÃ£o em Nova York. 

E tem mais: a empresa tambÃ©m anunciou a abertura de uma nova sede em Nova York, mostrando que o estado estÃ¡ se tornando um centro de criptoativos. 

#criptomoedas #moonpay #bitlicense #blockchain #criptoativos",https://cointelegraph.com/news/moonpay-operate-new-york-bitlicense-approval,COINTELEGRAPH,2025-06-04T19:45:55.000Z,2025-06-04 19:17:48 UTC,8
Swift legislation turns Kyrgyzstan into Central Asiaâ€™s primary crypto hub,"O QuirguistÃ£o estÃ¡ no radar! ğŸ‡°ğŸ‡¬

O paÃ­s estÃ¡ se destacando na Ãsia Central como um polo de criptomoedas, com uma regulamentaÃ§Ã£o bem clara e que incentiva o crescimento do mercado.

A movimentaÃ§Ã£o Ã© tanta que jÃ¡ atraiu 126 empresas licenciadas! Eles legalizaram a mineraÃ§Ã£o, reduziram impostos e atÃ© lanÃ§aram a USDKG, uma stablecoin lastreada em ouro e com o apoio do governo. ğŸš€

E tem mais: atÃ© o fundador da Binance, CZ, virou consultor do paÃ­s! ğŸ¤¯

#cripto #QuirguistÃ£o #blockchain #investimentos #inovaÃ§Ã£o",https://cointelegraph.com/news/swift-legislation-turns-kyrgyzstan-into-central-asia-s-primary-crypto-hub,COINTELEGRAPH,2025-06-04T19:00:00.000Z,2025-06-04 19:17:48 UTC,8
Cointelegraph and FINTECH.TV  partner to amplify global cryptocurrency industry coverage,"ğŸ“£ AtenÃ§Ã£o, amantes do mundo cripto!

A Cointelegraph, referÃªncia em notÃ­cias sobre blockchain, acaba de fazer uma parceria superimportante com a FINTECH.TV! ğŸš€

A parceria vai turbinar a cobertura de notÃ­cias e levar informaÃ§Ãµes sobre o mercado para milhÃµes de pessoas atravÃ©s de transmissÃµes ao vivo e canais de TV.

Preparem-se para comentÃ¡rios exclusivos e notÃ­cias quentÃ­ssimas, com foco no cenÃ¡rio regulatÃ³rio que estÃ¡ crescendo nos EUA.

Fique de olho para nÃ£o perder nada! ğŸ˜‰

#criptomoedas #blockchain #fintech #noticiascripto #mercadofinanceiro",https://cointelegraph.com/press-releases/cointelegraph-and-fintech-tv-partner-to-amplify-global-cryptocurrency-industry-coverage,COINTELEGRAPH,2025-06-04T18:49:26.000Z,2025-06-04 19:17:48 UTC,8
"Price predictions 6/4: BTC, ETH, XRP, BNB, SOL, DOGE, ADA, SUI, HYPE, LINK","Bitcoin em um momento de tensÃ£o! ğŸ»ğŸ†šğŸ‚

O mercado cripto estÃ¡ pegando fogo! Bitcoin estÃ¡ passando por um perÃ­odo de incerteza, com possibilidade de queda para US$100.000. Mas calma, analistas ainda acreditam em um bom potencial de valorizaÃ§Ã£o a longo prazo.

Enquanto isso, outras criptomoedas como Ether e BNB estÃ£o mostrando sinais de recuperaÃ§Ã£o e podem subir! ğŸš€

Fique de olho na anÃ¡lise dos principais criptoativos para nÃ£o perder nenhum movimento do mercado! ğŸ˜‰

#Bitcoin #Criptomoedas #MercadoFinanceiro #Altcoins #Investimentos",https://cointelegraph.com/news/price-predictions-6-4-btc-eth-xrp-bnb-sol-doge-ada-sui-hype-link,COINTELEGRAPH,2025-06-04T17:01:18.000Z,2025-06-04 19:17:48 UTC,5
Zircuit joins Binance Alpha: ZRC airdrop & trading competition go live,"ğŸ‰ Boas notÃ­cias para quem curte Web3! A Zircuit, uma blockchain super focada em seguranÃ§a e inovaÃ§Ã£o, chamou a atenÃ§Ã£o da Binance Alpha, a plataforma da Binance para projetos com grande potencial.

E para comemorar, a Zircuit estÃ¡ distribuindo 80 milhÃµes de tokens ZRC em um airdrop exclusivo! ğŸ¤© AlÃ©m disso, tem um concurso de trading com um prÃªmio de 27,5 milhÃµes de ZRC!

Corre lÃ¡ para aproveitar: zircuit.com e binance.com/alpha-point

#web3 #zircuit #blockchain #airdrop #binance #criptomoedas #trading",https://cointelegraph.com/press-releases/zircuit-joins-binance-alpha-zrc-airdrop-trading-competition-go-live,COINTELEGRAPH,2025-06-04T17:00:00.000Z,2025-06-04 19:17:48 UTC,8
How to use ChatGPT to analyze crypto market movements,"Traders estÃ£o de olho em uma combinaÃ§Ã£o poderosa: ChatGPT e o mercado cripto! ğŸ¤–

Muitos estÃ£o usando a ferramenta para analisar dados, entender o que o mercado estÃ¡ falando e atÃ© mesmo criar estratÃ©gias de trading.

Apesar de nÃ£o substituir a anÃ¡lise profissional e os dados em tempo real, o ChatGPT da OpenAI pode ser um assistente e tanto, principalmente quando usado junto com plataformas como o TradingView.

A dica Ã© usar prompts claros e especÃ­ficos para conseguir os melhores insights e tomar decisÃµes de investimento ainda mais inteligentes! ğŸ˜‰

#criptomoedas #ChatGPT #IA #trading",https://cointelegraph.com/news/how-to-use-chatgpt-to-analyze-crypto-market-movements,COINTELEGRAPH,2025-06-04T16:05:25.000Z,2025-06-04 19:17:48 UTC,7
Canada will be left behind in the global crypto race,"ğŸš¨ AtenÃ§Ã£o, pessoal! ğŸš¨

O CanadÃ¡ estÃ¡ correndo um risco de perder terreno na inovaÃ§Ã£o digital e no mundo cripto. ğŸ‡¨ğŸ‡¦

Enquanto outros paÃ­ses estÃ£o avanÃ§ando na regulamentaÃ§Ã£o de ativos digitais, o CanadÃ¡ estÃ¡ com dificuldades para atrair investimentos e manter talentos em Ã¡reas como blockchain e stablecoins.

A falta de clareza nas regras e polÃ­ticas pÃºblicas estÃ¡ impactando o crescimento do setor. Ã‰ super importante que o governo aja rÃ¡pido, com incentivos fiscais e uma regulamentaÃ§Ã£o mais inteligente, para que o CanadÃ¡ nÃ£o fique para trÃ¡s!

#cripto #canada #inovaÃ§Ã£o #regulamentaÃ§Ã£o #blockchain",https://cointelegraph.com/news/canada-will-be-left-behind-in-the-global-crypto-race,COINTELEGRAPH,2025-06-04T16:00:00.000Z,2025-06-04 19:17:48 UTC,3
Live Caffeine demonstration rounds out a landmark day at the 2025 World Computer Summit,"ğŸ¤© A DFINITY Foundation acaba de fazer um anÃºncio incrÃ­vel!

O World Computer Summit reuniu grandes nomes e desenvolvedores para falar sobre o futuro da internet descentralizada. E o ponto alto foi a apresentaÃ§Ã£o do Caffeine AI! ğŸš€

Essa ferramenta inovadora permite criar aplicativos usando apenas comandos de linguagem natural. Ã‰ tipo mÃ¡gica, mas Ã© tecnologia de ponta! A DFINITY chama isso de ""Internet Computer 2.0"".

E a melhor parte? Um programa alfa para testar o Caffeine AI jÃ¡ estÃ¡ aberto para inscriÃ§Ãµes! Queremos ver vocÃª criando coisas incrÃ­veis! ğŸ˜‰

#DFINITY #InternetComputer #CaffeineAI #Web3 #DescentralizaÃ§Ã£o #InovaÃ§Ã£o #Tecnologia",https://cointelegraph.com/press-releases/live-caffeine-demonstration-rounds-out-a-landmark-day-at-the-2025-world-computer-summit,COINTELEGRAPH,2025-06-04T15:58:36.000Z,2025-06-04 19:17:48 UTC,9
"What are $300K Bitcoin call options, and why are traders buying them like lottery tickets?","ğŸ”¥ Traders estÃ£o apostando alto no Bitcoin! ğŸš€

Tem gente comprando opÃ§Ãµes de compra (call options) com a esperanÃ§a de ver o Bitcoin chegar a $300.000 em pouquÃ­ssimo tempo. Ã‰ como comprar um bilhete de loteria: o potencial de ganho Ã© enorme, mas o risco tambÃ©m Ã© considerÃ¡vel.

O Bitcoin estÃ¡ valendo cerca de $104.183, entÃ£o essa aposta representa uma triplicaÃ§Ã£o do preÃ§o. ğŸ’°

Essa movimentaÃ§Ã£o no mercado pode ser um sinal de que o otimismo estÃ¡ um pouco exagerado. Fique de olho! âš ï¸

#Bitcoin #Cripto #OpÃ§Ãµes #MercadoFinanceiro",https://cointelegraph.com/explained/what-are-300k-bitcoin-call-options-and-why-are-traders-buying-them-like-lottery-tickets,COINTELEGRAPH,2025-06-04T15:55:00.000Z,2025-06-04 19:17:48 UTC,6
